IncidentID,num_vehicles_involved,eCollisionManner,Longitude,Latitude,InjurySeverity,eIntersectionType,eCollisionManner,city_name,IncidentDateTime,cyclist_citations,driver_citations,nearest_count_site,distance_to_nearest_count_site
2466628,2,LEFT_TURN,-111.960910217568,33.4219371910166,2,FOUR_WAY_INTERSECTION,LEFT_TURN,TEMPE,"2010/11/01 19:11:00",FAILED_TO_YIELD_RIGHT_OF_WAY_103,NO_IMPROPER_ACTION,165,2.51716673266842E-06
2470540,2,ANGLE_FRONT_TO_SIDE,-111.960910217568,33.4219371910166,3,FOUR_WAY_INTERSECTION,ANGLE_FRONT_TO_SIDE,TEMPE,"2010/11/25 10:10:00",UNKNOWN_99,UNKNOWN_99,165,2.51716673266842E-06
2756132,2,ANGLE_FRONT_TO_SIDE,-111.960910217568,33.4219371910166,3,FOUR_WAY_INTERSECTION,ANGLE_FRONT_TO_SIDE,TEMPE,"2013/07/29 20:10:00",NO_IMPROPER_ACTION,NO_IMPROPER_ACTION,165,2.51716673266842E-06
2611285,2,ANGLE_FRONT_TO_SIDE,-111.926300264145,33.422051729284,1,FOUR_WAY_INTERSECTION,ANGLE_FRONT_TO_SIDE,TEMPE,"2012/03/07 16:32:00",DROVE_RODE_IN_OPPOSING_TRAFFIC_LANE,NO_IMPROPER_ACTION,117,6.84699392208147E-06
2440569,2,ANGLE_FRONT_TO_SIDE,-111.909112815695,33.4074277875628,2,NOT_AT_INTERSECTION_0,ANGLE_FRONT_TO_SIDE,TEMPE,"2010/08/24 11:53:00",NO_IMPROPER_ACTION,UNKNOWN_99,159,7.8097253300941E-06
2398100,2,SIDESWIPE_OPPOSITE_DIRECTION,-111.952153268277,33.4073899608987,2,FOUR_WAY_INTERSECTION,SIDESWIPE_OPPOSITE_DIRECTION,TEMPE,"2010/03/26 05:05:00",NO_IMPROPER_ACTION,NOT_APPLICABLE_MINUS_1+SPEED_TOO_FAST_FOR_CONDITIONS,160,1.28342832142161E-05
2566643,2,HEAD_ON,-111.926299401469,33.4220271589329,3,FOUR_WAY_INTERSECTION,HEAD_ON,TEMPE,"2011/08/08 18:28:00",OTHER_97,INATTENTION_DISTRACTION,117,1.78455835590085E-05
2686367,2,ANGLE_FRONT_TO_SIDE,-111.926299401469,33.4220271589329,1,UNKNOWN_99,ANGLE_FRONT_TO_SIDE,TEMPE,"2012/12/18 12:10:00",UNKNOWN_99,NO_IMPROPER_ACTION,117,1.78455835590085E-05
2756535,2,OTHER_97,-111.926299401469,33.4220271589329,3,T_INTERSECTION,OTHER_97,TEMPE,"2013/08/17 19:56:00",OTHER_97,UNKNOWN_99,117,1.78455835590085E-05
2680094,2,SIDESWIPE_OPPOSITE_DIRECTION,-111.917685931252,33.4147607556373,1,T_INTERSECTION,SIDESWIPE_OPPOSITE_DIRECTION,TEMPE,"2012/11/05 12:00:00",INATTENTION_DISTRACTION,NO_IMPROPER_ACTION,132,1.98467827407836E-05
2784807,2,ANGLE_FRONT_TO_SIDE,-111.926292222858,33.4220257605007,1,NOT_AT_INTERSECTION_0,ANGLE_FRONT_TO_SIDE,TEMPE,"2013/11/02 10:24:00",DROVE_RODE_IN_OPPOSING_TRAFFIC_LANE,NO_IMPROPER_ACTION,117,2.03982348961681E-05
2757186,2,ANGLE_FRONT_TO_SIDE,-111.944251400333,33.4218783046467,4,FOUR_WAY_INTERSECTION,ANGLE_FRONT_TO_SIDE,TEMPE,"2013/09/09 17:38:00",FAILED_TO_YIELD_RIGHT_OF_WAY_103,NO_IMPROPER_ACTION,163,2.14358202968042E-05
2368575,2,ANGLE_FRONT_TO_SIDE,-111.908883841961,33.4291629343347,1,FOUR_WAY_INTERSECTION,ANGLE_FRONT_TO_SIDE,TEMPE,"2009/12/07 08:57:00",FAILED_TO_YIELD_RIGHT_OF_WAY_103,NO_IMPROPER_ACTION,104,2.28492982228395E-05
2592167,2,ANGLE_FRONT_TO_SIDE,-111.945881935077,33.3635241958565,1,FOUR_WAY_INTERSECTION,ANGLE_FRONT_TO_SIDE,TEMPE,"2011/10/28 06:12:00",NO_IMPROPER_ACTION,SPEED_TOO_FAST_FOR_CONDITIONS,148,2.70832498948753E-05
2416739,2,ANGLE_FRONT_TO_SIDE,-111.951970431802,33.3928536766562,2,FOUR_WAY_INTERSECTION,ANGLE_FRONT_TO_SIDE,TEMPE,"2010/05/19 07:38:00",NO_IMPROPER_ACTION,FAILED_TO_YIELD_RIGHT_OF_WAY_103,143,2.95816326068976E-05
2525149,2,ANGLE_FRONT_TO_SIDE,-111.951970431802,33.3928536766562,1,FOUR_WAY_INTERSECTION,ANGLE_FRONT_TO_SIDE,TEMPE,"2011/05/02 18:28:00",DISREGARDED_TRAFFIC_SIGNAL,NO_IMPROPER_ACTION,143,2.95816326068976E-05
2362598,2,SIDESWIPE_OPPOSITE_DIRECTION,-111.952009580822,33.4146172691845,3,NOT_AT_INTERSECTION_0,SIDESWIPE_OPPOSITE_DIRECTION,TEMPE,"2009/11/13 02:19:00",DROVE_RODE_IN_OPPOSING_TRAFFIC_LANE,NOT_APPLICABLE_MINUS_1+NO_IMPROPER_ACTION,114,2.96808342626899E-05
2496167,2,ANGLE_FRONT_TO_SIDE,-111.944276761696,33.421924762426,2,UNKNOWN_99,ANGLE_FRONT_TO_SIDE,TEMPE,"2011/02/10 08:15:00",OTHER_97,NO_IMPROPER_ACTION,163,3.25905040510242E-05
2470534,2,ANGLE_FRONT_TO_SIDE,-111.92616687648,33.3929576788426,1,FOUR_WAY_INTERSECTION,ANGLE_FRONT_TO_SIDE,TEMPE,"2010/11/17 10:39:00",NO_IMPROPER_ACTION,OTHER_97,142,3.32425760401212E-05
2281424,2,HEAD_ON,-111.94786900672,33.4073852718905,1,FOUR_WAY_INTERSECTION,HEAD_ON,TEMPE,"2009/03/28 11:44:00",MADE_IMPROPER_TURN,NO_IMPROPER_ACTION+NOT_APPLICABLE_MINUS_1,162,3.54071372416998E-05
2788590,2,OTHER_97,-111.92913198382,33.414734308413,2,NOT_AT_INTERSECTION_0,OTHER_97,TEMPE,"2013/12/06 11:24:00",NO_IMPROPER_ACTION,DROVE_RODE_IN_OPPOSING_TRAFFIC_LANE,134,3.91381354782238E-05
2233309,2,ANGLE_FRONT_TO_SIDE,-111.926138310635,33.4002319943299,3,NOT_AT_INTERSECTION_0,ANGLE_FRONT_TO_SIDE,TEMPE,"2009/01/08 15:45:00",OTHER_97,OTHER_97,129,4.26744196115647E-05
2699238,2,OTHER_97,-111.96086402542,33.4219384437177,3,FOUR_WAY_INTERSECTION,OTHER_97,TEMPE,"2013/02/19 19:16:00",DISREGARDED_TRAFFIC_SIGNAL,NOT_APPLICABLE_MINUS_1+NOT_APPLICABLE_MINUS_1+NO_IMPROPER_ACTION,165,4.40424277621732E-05
2707068,2,ANGLE_FRONT_TO_SIDE,-111.939454612739,33.3928607414179,2,NOT_AT_INTERSECTION_0,ANGLE_FRONT_TO_SIDE,TEMPE,"2013/03/18 11:49:00",OTHER_97,NO_IMPROPER_ACTION,144,4.67711272122535E-05
2593593,2,ANGLE_FRONT_TO_SIDE,-111.943285115802,33.4376218251393,2,FOUR_WAY_INTERSECTION,ANGLE_FRONT_TO_SIDE,TEMPE,"2011/09/25 09:14:00",NO_IMPROPER_ACTION,INATTENTION_DISTRACTION,101,5.70564377067508E-05
2496147,2,ANGLE_FRONT_TO_SIDE,-111.952211613601,33.4219070076761,3,UNKNOWN_99,ANGLE_FRONT_TO_SIDE,TEMPE,"2011/02/09 19:10:00",KNOWINGLY_OPERATED_WITH_FAULTY_MISSING_EQUIPMENT,NO_IMPROPER_ACTION,121,6.32776012936526E-05
2656455,2,LEFT_TURN,-111.952211613601,33.4219070076761,3,FOUR_WAY_INTERSECTION,LEFT_TURN,TEMPE,"2012/08/29 21:05:00",OTHER_97,NOT_APPLICABLE_MINUS_1+NOT_APPLICABLE_MINUS_1+NO_IMPROPER_ACTION,121,6.32776012936526E-05
2599206,2,ANGLE_FRONT_TO_SIDE,-111.909113219373,33.407496496678,1,FOUR_WAY_INTERSECTION,ANGLE_FRONT_TO_SIDE,TEMPE,"2012/02/08 19:21:00",OTHER_97,UNKNOWN_99,159,6.38005385383416E-05
2664825,2,ANGLE_FRONT_TO_SIDE,-111.926261889674,33.3929576339383,1,FOUR_WAY_INTERSECTION,ANGLE_FRONT_TO_SIDE,TEMPE,"2012/09/25 20:01:00",DISREGARDED_TRAFFIC_SIGNAL,NO_IMPROPER_ACTION,142,6.49402722788049E-05
2386750,2,LEFT_TURN,-111.926164494832,33.4002319921987,2,FOUR_WAY_INTERSECTION,LEFT_TURN,TEMPE,"2010/02/03 17:11:00",OTHER_97,NOT_APPLICABLE_MINUS_1+NOT_APPLICABLE_MINUS_1+NO_IMPROPER_ACTION,129,6.79542579962863E-05
2480708,2,ANGLE_FRONT_TO_SIDE,-111.930828644568,33.4402238520984,1,FOUR_WAY_INTERSECTION,ANGLE_FRONT_TO_SIDE,TEMPE,"2010/12/14 13:08:00",DISREGARDED_TRAFFIC_SIGNAL,NO_IMPROPER_ACTION,157,7.27401062882014E-05
2479835,2,LEFT_TURN,-111.930657363155,33.4147214933161,1,FOUR_WAY_INTERSECTION,LEFT_TURN,TEMPE,"2010/12/06 10:08:00",NO_IMPROPER_ACTION,INATTENTION_DISTRACTION,153,7.27868560078002E-05
2756469,2,ANGLE_FRONT_TO_SIDE,-111.930657363155,33.4147214933161,3,FOUR_WAY_INTERSECTION,ANGLE_FRONT_TO_SIDE,TEMPE,"2013/08/08 07:01:00",UNKNOWN_99,NOT_APPLICABLE_MINUS_1+NOT_APPLICABLE_MINUS_1+NOT_APPLICABLE_MINUS_1+UNKNOWN_99+NOT_APPLICABLE_MINUS_1,153,7.27868560078002E-05
2666649,2,SIDESWIPE_SAME_DIRECTION,-111.91776337791,33.4194275830584,1,FOUR_WAY_INTERSECTION,SIDESWIPE_SAME_DIRECTION,TEMPE,"2012/11/02 16:08:00",RAN_STOP_SIGN,UNKNOWN_99,166,7.32936027441034E-05
2611023,2,ANGLE_FRONT_TO_SIDE,-111.926128498277,33.4128797570023,3,FOUR_WAY_INTERSECTION,ANGLE_FRONT_TO_SIDE,TEMPE,"2012/03/14 07:37:00",FAILED_TO_YIELD_RIGHT_OF_WAY_103,NO_IMPROPER_ACTION,136,7.77080350396355E-05
2353717,2,ANGLE_FRONT_TO_SIDE,-111.960827258932,33.4219342468359,1,FOUR_WAY_INTERSECTION,ANGLE_FRONT_TO_SIDE,TEMPE,"2009/10/24 18:11:00",DISREGARDED_TRAFFIC_SIGNAL,NO_IMPROPER_ACTION,165,8.07600993484669E-05
2656770,2,ANGLE_FRONT_TO_SIDE,-111.947036539835,33.4218968035876,3,UNKNOWN_99,ANGLE_FRONT_TO_SIDE,TEMPE,"2012/08/24 21:52:00",OTHER_97,NOT_APPLICABLE_MINUS_1+NO_IMPROPER_ACTION,120,8.1147297552164E-05
2527941,2,ANGLE_FRONT_TO_SIDE,-111.93935230164,33.3782075683466,3,FOUR_WAY_INTERSECTION,ANGLE_FRONT_TO_SIDE,TEMPE,"2011/05/29 12:06:00",INATTENTION_DISTRACTION,NO_IMPROPER_ACTION,147,8.20934188024154E-05
2656729,2,ANGLE_FRONT_TO_SIDE,-111.93935230164,33.3782075683466,2,FOUR_WAY_INTERSECTION,ANGLE_FRONT_TO_SIDE,TEMPE,"2012/08/24 12:55:00",NO_IMPROPER_ACTION,INATTENTION_DISTRACTION,147,8.20934188024154E-05
2675708,2,ANGLE_FRONT_TO_SIDE,-111.93935230164,33.3782075683466,2,FOUR_WAY_INTERSECTION,ANGLE_FRONT_TO_SIDE,TEMPE,"2012/11/30 00:36:00",NO_IMPROPER_ACTION,FAILED_TO_YIELD_RIGHT_OF_WAY_103,147,8.20934188024154E-05
2415117,2,ANGLE_FRONT_TO_SIDE,-111.926275450315,33.4128722346264,1,FOUR_WAY_INTERSECTION,ANGLE_FRONT_TO_SIDE,TEMPE,"2010/05/07 23:44:00",OTHER_97,NOT_APPLICABLE_MINUS_1+INATTENTION_DISTRACTION+NOT_APPLICABLE_MINUS_1+NOT_APPLICABLE_MINUS_1,136,8.20991849499154E-05
2530190,2,ANGLE_FRONT_TO_SIDE,-111.926275450315,33.4128722346264,3,FOUR_WAY_INTERSECTION,ANGLE_FRONT_TO_SIDE,TEMPE,"2011/06/06 18:28:00",NO_IMPROPER_ACTION,DISREGARDED_TRAFFIC_SIGNAL,136,8.20991849499154E-05
2655610,2,ANGLE_FRONT_TO_SIDE,-111.929214370657,33.4147332906047,3,NOT_REPORTED_255,ANGLE_FRONT_TO_SIDE,TEMPE,"2012/03/27 16:12:00",DISREGARDED_TRAFFIC_SIGNAL,NO_IMPROPER_ACTION,134,8.31960565173911E-05
2707121,2,ANGLE_FRONT_TO_SIDE,-111.926121954334,33.412879857648,2,T_INTERSECTION,ANGLE_FRONT_TO_SIDE,TEMPE,"2013/03/21 09:24:00",FAILED_TO_YIELD_RIGHT_OF_WAY_103,NO_IMPROPER_ACTION,136,8.36540431936593E-05
2665627,2,LEFT_TURN,-111.926275229005,33.412806288658,2,T_INTERSECTION,LEFT_TURN,TEMPE,"2012/10/18 17:20:00",NO_IMPROPER_ACTION,FAILED_TO_YIELD_RIGHT_OF_WAY_103,136,8.63880038714419E-05
2657039,2,ANGLE_FRONT_TO_SIDE,-111.926118682363,33.4128799079707,1,FOUR_WAY_INTERSECTION,ANGLE_FRONT_TO_SIDE,TEMPE,"2012/09/26 09:27:00",OTHER_97,NO_IMPROPER_ACTION,136,8.66594135572668E-05
2725723,2,ANGLE_FRONT_TO_SIDE,-111.917784187968,33.4147613435289,3,T_INTERSECTION,ANGLE_FRONT_TO_SIDE,TEMPE,"2013/05/23 20:37:00",INATTENTION_DISTRACTION,INATTENTION_DISTRACTION,132,8.77238665579331E-05
2460213,2,LEFT_TURN,-111.930920311055,33.4402226562309,3,FOUR_WAY_INTERSECTION,LEFT_TURN,TEMPE,"2010/10/06 18:54:00",NO_IMPROPER_ACTION,OTHER_97,157,8.89904317598306E-05
2756450,2,ANGLE_FRONT_TO_SIDE,-111.926285646389,33.4167254991365,3,FOUR_WAY_INTERSECTION,ANGLE_FRONT_TO_SIDE,TEMPE,"2013/08/22 13:15:00",DROVE_RODE_IN_OPPOSING_TRAFFIC_LANE,NO_IMPROPER_ACTION,135,8.97896050941221E-05
2784738,2,ANGLE_FRONT_TO_SIDE,-111.926275201342,33.4127980454118,2,FOUR_WAY_INTERSECTION,ANGLE_FRONT_TO_SIDE,TEMPE,"2013/11/04 13:08:00",NO_IMPROPER_ACTION,DISREGARDED_TRAFFIC_SIGNAL,136,9.03591752884127E-05
2585781,2,ANGLE_FRONT_TO_SIDE,-111.92628564454,33.4167227508481,3,FOUR_WAY_INTERSECTION,ANGLE_FRONT_TO_SIDE,TEMPE,"2011/10/26 09:53:00",NO_IMPROPER_ACTION,DISREGARDED_TRAFFIC_SIGNAL,135,9.04244997352318E-05
2643820,2,ANGLE_FRONT_TO_SIDE,-111.939592011462,33.3928593290303,2,FOUR_WAY_INTERSECTION,ANGLE_FRONT_TO_SIDE,TEMPE,"2012/07/31 20:27:00",DISREGARDED_TRAFFIC_SIGNAL,NO_IMPROPER_ACTION,144,9.39616683121578E-05
2367706,2,ANGLE_FRONT_TO_SIDE,-111.930662640635,33.4147481217154,2,NOT_AT_INTERSECTION_0,ANGLE_FRONT_TO_SIDE,TEMPE,"2009/12/17 15:55:00",NO_IMPROPER_ACTION,FAILED_TO_YIELD_RIGHT_OF_WAY_103+NOT_APPLICABLE_MINUS_1,153,9.46952237125488E-05
2274649,2,SIDESWIPE_SAME_DIRECTION,-111.939594057709,33.3928534882756,1,FOUR_WAY_INTERSECTION,SIDESWIPE_SAME_DIRECTION,TEMPE,"2009/01/25 11:05:00",NO_IMPROPER_ACTION,FAILED_TO_YIELD_RIGHT_OF_WAY_103,144,9.53522014035226E-05
2440262,2,ANGLE_FRONT_TO_SIDE,-111.92610886645,33.4128800589384,1,T_INTERSECTION,ANGLE_FRONT_TO_SIDE,TEMPE,"2010/08/26 15:16:00",OTHER_97,NO_IMPROPER_ACTION,136,9.57805768329256E-05
2281413,2,ANGLE_FRONT_TO_SIDE,-111.926193985345,33.4002319897918,3,FOUR_WAY_INTERSECTION,ANGLE_FRONT_TO_SIDE,TEMPE,"2009/03/20 16:33:00",FAILED_TO_YIELD_RIGHT_OF_WAY_103,NO_IMPROPER_ACTION,129,9.70024349611678E-05
2570290,2,ANGLE_FRONT_TO_SIDE,-111.909112823783,33.4073343417524,3,FOUR_WAY_INTERSECTION,ANGLE_FRONT_TO_SIDE,TEMPE,"2011/09/05 11:26:00",OTHER_97,NO_IMPROPER_ACTION,159,9.88299866784036E-05
2470711,2,ANGLE_FRONT_TO_SIDE,-111.926275146015,33.4127815589196,1,FOUR_WAY_INTERSECTION,ANGLE_FRONT_TO_SIDE,TEMPE,"2010/11/29 12:20:00",NO_IMPROPER_ACTION,DISREGARDED_TRAFFIC_SIGNAL,136,9.98813211414612E-05
2331370,2,ANGLE_FRONT_TO_SIDE,-111.917605931265,33.4147844759706,3,T_INTERSECTION,ANGLE_FRONT_TO_SIDE,TEMPE,"2009/08/10 09:43:00",DISREGARDED_TRAFFIC_SIGNAL,NO_IMPROPER_ACTION,132,0.0001001748682
2566573,2,ANGLE_FRONT_TO_SIDE,-111.926142577614,33.4168291108955,3,NOT_AT_INTERSECTION_0,ANGLE_FRONT_TO_SIDE,TEMPE,"2011/08/15 13:28:00",NO_IMPROPER_ACTION,FAILED_TO_YIELD_RIGHT_OF_WAY_103,135,0.00010072876258
2608308,2,ANGLE_FRONT_TO_SIDE,-111.928537540389,33.3565259045475,4,UNKNOWN_99,ANGLE_FRONT_TO_SIDE,TEMPE,"2012/03/01 16:28:00",NO_IMPROPER_ACTION,DISREGARDED_TRAFFIC_SIGNAL,123,0.0001041245068
2245438,2,ANGLE_FRONT_TO_SIDE,-111.926290404946,33.4128940489221,4,FOUR_WAY_INTERSECTION,ANGLE_FRONT_TO_SIDE,TEMPE,"2009/01/29 16:56:00",UNKNOWN_99,UNKNOWN_99,136,0.00010461582483
2352807,2,ANGLE_FRONT_TO_SIDE,-111.926290404946,33.4128940489221,2,FOUR_WAY_INTERSECTION,ANGLE_FRONT_TO_SIDE,TEMPE,"2009/10/22 00:11:00",NO_IMPROPER_ACTION,FAILED_TO_YIELD_RIGHT_OF_WAY_103,136,0.00010461582483
2340816,2,ANGLE_FRONT_TO_SIDE,-111.939226667716,33.3782317216182,2,FOUR_WAY_INTERSECTION,ANGLE_FRONT_TO_SIDE,TEMPE,"2009/09/06 19:41:00",NO_IMPROPER_ACTION,INATTENTION_DISTRACTION,147,0.00011151901437
2466928,2,ANGLE_FRONT_TO_SIDE,-111.952153351199,33.4075100434295,2,FOUR_WAY_INTERSECTION,ANGLE_FRONT_TO_SIDE,TEMPE,"2010/11/03 07:51:00",DROVE_RODE_IN_OPPOSING_TRAFFIC_LANE,NO_IMPROPER_ACTION,160,0.00011354388541
2519429,2,SIDESWIPE_SAME_DIRECTION,-111.926086201169,33.4147580342274,2,UNKNOWN_99,SIDESWIPE_SAME_DIRECTION,TEMPE,"2011/03/18 23:35:00",NO_IMPROPER_ACTION,FAILED_TO_KEEP_IN_PROPER_LANE,131,0.00011364835668
2566247,2,HEAD_ON,-111.926312788873,33.3929462881345,2,FOUR_WAY_INTERSECTION,HEAD_ON,TEMPE,"2011/06/14 06:54:00",INATTENTION_DISTRACTION,NO_IMPROPER_ACTION,142,0.00011478923463
2435202,2,ANGLE_FRONT_TO_SIDE,-111.926312575836,33.3929572660779,4,FOUR_WAY_INTERSECTION,ANGLE_FRONT_TO_SIDE,TEMPE,"2010/08/18 05:53:00",DISREGARDED_TRAFFIC_SIGNAL,NO_IMPROPER_ACTION,142,0.00011512839226
2460267,2,ANGLE_FRONT_TO_SIDE,-111.926312575836,33.3929572660779,2,UNKNOWN_99,ANGLE_FRONT_TO_SIDE,TEMPE,"2010/10/20 18:40:00",WALKED_ON_WRONG_SIDE_OF_ROAD,OTHER_97,142,0.00011512839226
2598345,2,ANGLE_FRONT_TO_SIDE,-111.926312575836,33.3929572660779,2,FOUR_WAY_INTERSECTION,ANGLE_FRONT_TO_SIDE,TEMPE,"2012/02/05 20:56:00",OTHER_97,FAILED_TO_YIELD_RIGHT_OF_WAY_103,142,0.00011512839226
2725749,2,ANGLE_FRONT_TO_SIDE,-111.926413997899,33.4220260239773,2,FOUR_WAY_INTERSECTION,ANGLE_FRONT_TO_SIDE,TEMPE,"2013/05/23 20:00:00",FAILED_TO_YIELD_RIGHT_OF_WAY_103,NO_IMPROPER_ACTION,117,0.00011655301889
2414578,2,ANGLE_FRONT_TO_SIDE,-111.942316754808,33.4219286000737,5,FOUR_WAY_INTERSECTION,ANGLE_FRONT_TO_SIDE,TEMPE,"2010/05/10 18:12:00",DISREGARDED_TRAFFIC_SIGNAL,NOT_APPLICABLE_MINUS_1+NO_IMPROPER_ACTION+NOT_APPLICABLE_MINUS_1,119,0.000118891347
2686248,2,ANGLE_FRONT_TO_SIDE,-111.934908941481,33.3927943100975,3,FOUR_WAY_INTERSECTION,ANGLE_FRONT_TO_SIDE,TEMPE,"2013/01/15 15:20:00",DROVE_RODE_IN_OPPOSING_TRAFFIC_LANE,NO_IMPROPER_ACTION,141,0.00012239223107
2282501,2,OTHER_97,-111.934908572354,33.3928985396716,2,FOUR_WAY_INTERSECTION,OTHER_97,TEMPE,"2009/03/30 16:22:00",NO_IMPROPER_ACTION,OTHER_97,141,0.00012242002517
2517142,2,ANGLE_FRONT_TO_SIDE,-111.934906699258,33.3929040806942,3,FOUR_WAY_INTERSECTION,ANGLE_FRONT_TO_SIDE,TEMPE,"2011/03/24 21:39:00",DISREGARDED_TRAFFIC_SIGNAL,NO_IMPROPER_ACTION+NOT_APPLICABLE_MINUS_1,141,0.00012324323806
2689162,2,ANGLE_FRONT_TO_SIDE,-111.926285718519,33.416832682385,3,FOUR_WAY_INTERSECTION,ANGLE_FRONT_TO_SIDE,TEMPE,"2013/01/22 16:54:00",NO_IMPROPER_ACTION,MADE_IMPROPER_TURN,135,0.00012402717128
2736323,2,ANGLE_FRONT_TO_SIDE,-111.939593298264,33.3929278595834,3,FOUR_WAY_INTERSECTION,ANGLE_FRONT_TO_SIDE,TEMPE,"2013/06/18 22:19:00",DISREGARDED_TRAFFIC_SIGNAL,NO_IMPROPER_ACTION,144,0.00012487255098
2549365,2,ANGLE_FRONT_TO_SIDE,-111.934909053592,33.3927888215676,2,FOUR_WAY_INTERSECTION,ANGLE_FRONT_TO_SIDE,TEMPE,"2011/09/08 09:51:00",OTHER_97,NO_IMPROPER_ACTION+NOT_APPLICABLE_MINUS_1,141,0.00012490906063
2720643,2,ANGLE_FRONT_TO_SIDE,-111.942323309072,33.4219285909187,3,FOUR_WAY_INTERSECTION,ANGLE_FRONT_TO_SIDE,TEMPE,"2013/05/03 16:28:00",NO_IMPROPER_ACTION,FAILED_TO_YIELD_RIGHT_OF_WAY_103,119,0.00012538741296
2766670,2,ANGLE_FRONT_TO_SIDE,-111.926299428002,33.4219172257792,2,NOT_AT_INTERSECTION_0,ANGLE_FRONT_TO_SIDE,TEMPE,"2013/09/14 21:00:00",FAILED_TO_YIELD_RIGHT_OF_WAY_103,UNKNOWN_99,117,0.00012777493763
2757005,2,ANGLE_FRONT_TO_SIDE,-111.926170992901,33.4220253940917,2,FOUR_WAY_INTERSECTION,ANGLE_FRONT_TO_SIDE,TEMPE,"2013/08/13 07:31:00",FAILED_TO_YIELD_RIGHT_OF_WAY_103,NO_IMPROPER_ACTION,117,0.00012949984183
2598205,2,ANGLE_FRONT_TO_SIDE,-111.908897237362,33.4292778339128,1,FOUR_WAY_INTERSECTION,ANGLE_FRONT_TO_SIDE,TEMPE,"2012/01/04 18:10:00",DROVE_RODE_IN_OPPOSING_TRAFFIC_LANE,NO_IMPROPER_ACTION,104,0.00013283610205
2372765,2,ANGLE_FRONT_TO_SIDE,-111.909132082341,33.4001441634525,5,FOUR_WAY_INTERSECTION,ANGLE_FRONT_TO_SIDE,TEMPE,"2010/05/17 17:25:00",UNKNOWN_99,UNKNOWN_99,128,0.00013409491816
2641872,2,ANGLE_FRONT_TO_SIDE,-111.947840656708,33.407250968899,2,FOUR_WAY_INTERSECTION,ANGLE_FRONT_TO_SIDE,TEMPE,"2012/07/06 07:25:00",DROVE_RODE_IN_OPPOSING_TRAFFIC_LANE,NO_IMPROPER_ACTION,162,0.00013431660129
2369943,2,ANGLE_FRONT_TO_SIDE,-111.939832515696,33.407315668252,2,FOUR_WAY_INTERSECTION,ANGLE_FRONT_TO_SIDE,TEMPE,"2009/12/14 10:30:00",OTHER_97,FAILED_TO_YIELD_RIGHT_OF_WAY_103,146,0.00013669964344
2630894,2,LEFT_TURN,-111.942061138524,33.421928956849,3,FOUR_WAY_INTERSECTION,LEFT_TURN,TEMPE,"2012/04/27 19:00:00",DROVE_RODE_IN_OPPOSING_TRAFFIC_LANE,NO_IMPROPER_ACTION,119,0.00013879181986
2405220,2,SIDESWIPE_SAME_DIRECTION,-111.939811135282,33.4072585144168,3,FOUR_WAY_INTERSECTION,SIDESWIPE_SAME_DIRECTION,TEMPE,"2010/04/16 09:22:00",NO_IMPROPER_ACTION,MADE_IMPROPER_TURN,146,0.00014161242025
2496156,2,ANGLE_FRONT_TO_SIDE,-111.926059604477,33.4128800453874,3,T_INTERSECTION,ANGLE_FRONT_TO_SIDE,TEMPE,"2011/02/22 10:22:00",OTHER_97,NO_IMPROPER_ACTION,136,0.0001427637908
2519420,2,REAR_END,-111.93989599317,33.4147503399162,3,FOUR_WAY_INTERSECTION,REAR_END,TEMPE,"2011/03/26 15:45:00",FOLLOWED_TOO_CLOSELY,NO_IMPROPER_ACTION,113,0.00014319278255
2677974,2,ANGLE_FRONT_TO_SIDE,-111.93989599317,33.4147503399162,4,FOUR_WAY_INTERSECTION,ANGLE_FRONT_TO_SIDE,TEMPE,"2012/11/16 13:21:00",DISREGARDED_TRAFFIC_SIGNAL,NO_IMPROPER_ACTION,113,0.00014319278255
2756441,2,LEFT_TURN,-111.93989599317,33.4147503399162,2,FOUR_WAY_INTERSECTION,LEFT_TURN,TEMPE,"2013/08/22 18:27:00",DROVE_RODE_IN_OPPOSING_TRAFFIC_LANE,NO_IMPROPER_ACTION,113,0.00014319278255
2757275,2,ANGLE_FRONT_TO_SIDE,-111.93989599317,33.4147503399162,3,FOUR_WAY_INTERSECTION,ANGLE_FRONT_TO_SIDE,TEMPE,"2013/09/09 14:52:00",DISREGARDED_TRAFFIC_SIGNAL,NO_IMPROPER_ACTION+NOT_APPLICABLE_MINUS_1,113,0.00014319278255